Bill of materials of Thrust Test Stand,,,,
Item Name,Cost Per Item ,No of Items,Cost of Item,Link
aluminium profile channel,413 rupees per meter,3.5m,"1,486.80",https://robu.in/product/easymech-20x20-t-slot-aluminium-extrusion-profile-1000-mm/
Load Cell Sensor-CZL-E,109,1,190,https://robu.in/product/phaeton-load-cell-sensor-czl-e-weighing-pressed-down/
 Load Cell Amplifier – HX711,116,1,116,https://robu.in/product/smartelex-load-cell-amplifier-hx711/
Tnut,11.98,50,599,https://www.amazon.in/Hammer-TNut-Aluminum-Slotted-Profile/dp/B0B6Q5RWFM/ref=sr_1_19?sr=8-19
angle bracket,8.27,48,396.96,https://www.amazon.in/Angle-Bracket-Reinforcing-Chairs-Tables/dp/B0CZJN15P9/ref=pd_sbs_d_sccl_1_2/525-7341085-5929239
,,,,
,,,,
,,,,
TOTAL,,,2271,